config_name,total_loss_val,interp_val,L1Loss_val,L1Loss_val_interp,loss_hard_base,Ham_loss,Ham_loss_interp,factor2,L2Hinterp2,L2Hmodelerror2,factor3,L2Hinterp3,L2Hmodelerror3,factor4,L2Hinterp4,L2Hmodelerror4,factor5,L2Hinterp5,L2Hmodelerror5,factor6,L2Hinterp6,L2Hmodelerror6
x2_lvl6,8.856971836165497e-08,1.4827712288000745e-06,0.0,0.0,0.0,0.0,0.0,0.8675012738806551,0.00010333202287177157,0.00011911454885769687,3.2384300211803487,0.00011831205393349152,3.6533768881740087e-05,6.710834944996749,0.00014720513946342879,2.193544330473771e-05,0.16447255566160238,2.7573181763839885e-05,0.00016764609544081581,0.05239002861203371,7.963424140502123e-06,0.0001520026682839598
x1_lvl5,3.3368296105590015e-08,1.9417623146161972e-07,1.0543645312471642e-06,0.0,1.9417623146161972e-07,0.0,0.0,13.260173501484456,7.332460494284411e-06,5.529686691854789e-07,12.721326406821477,7.593645792667497e-06,5.969224866831185e-07,10.066737181526484,8.77453369854742e-06,8.71636314758431e-07,4.884637433846136,2.3950912235081602e-06,4.903314229449942e-07,0.4812016164282662,4.083072911196136e-07,8.485160422990409e-07
